[
  {
    "id": "e7f5d87b-a46e-48da-a779-d416149420a5",
    "data": [
      {
        "text": "I Want to book ",
        "userDefined": false
      },
      {
        "text": "VIP",
        "alias": "RoomType",
        "meta": "@RoomType",
        "userDefined": false
      },
      {
        "text": " room",
        "userDefined": false
      }
    ],
    "isTemplate": false,
    "count": 0,
    "updated": 0
  },
  {
    "id": "2747754e-0d2d-4525-9b73-6318ac298308",
    "data": [
      {
        "text": "my email address is ",
        "userDefined": false
      },
      {
        "text": "john@gmail.com",
        "alias": "email",
        "meta": "@sys.email",
        "userDefined": true
      }
    ],
    "isTemplate": false,
    "count": 0,
    "updated": 0
  },
  {
    "id": "523536ea-23c5-4185-aec2-bc6fd15c3459",
    "data": [
      {
        "text": "for ",
        "userDefined": false
      },
      {
        "text": "3",
        "alias": "number",
        "meta": "@sys.number",
        "userDefined": false
      },
      {
        "text": " persons",
        "userDefined": false
      }
    ],
    "isTemplate": false,
    "count": 0,
    "updated": 0
  },
  {
    "id": "3f51c5ef-0095-4bce-846d-a7155db03e22",
    "data": [
      {
        "text": "My name is ",
        "userDefined": false
      },
      {
        "text": "john",
        "alias": "person",
        "meta": "@sys.person",
        "userDefined": false
      }
    ],
    "isTemplate": false,
    "count": 0,
    "updated": 0
  },
  {
    "id": "8112f213-c49f-4ac3-8df8-61d1431cfd33",
    "data": [
      {
        "text": "book hotel room",
        "userDefined": false
      }
    ],
    "isTemplate": false,
    "count": 0,
    "updated": 0
  },
  {
    "id": "6f18faad-fec5-4203-8af0-60c631438154",
    "data": [
      {
        "text": "book room",
        "userDefined": false
      }
    ],
    "isTemplate": false,
    "count": 0,
    "updated": 0
  },
  {
    "id": "d47c4079-9847-4aa1-b582-9c1d24f806b1",
    "data": [
      {
        "text": "I want to book hotel",
        "userDefined": false
      }
    ],
    "isTemplate": false,
    "count": 0,
    "updated": 0
  },
  {
    "id": "641a059b-cb35-443d-9406-83d483854757",
    "data": [
      {
        "text": "I Want to book room",
        "userDefined": false
      }
    ],
    "isTemplate": false,
    "count": 0,
    "updated": 0
  }
]